identifier,maxent,secondary,maxentsecondary,hexamers,motifs,hexamersmotifs,all features
31646,0.692466958918,3.52317828676,0.532426618794,-0.974962920314,-0.836431290202,-0.905408152045,-1.3392691369
31162,5.73031703291,3.26483366353,4.32540713242,4.68122881507,1.45793455175,2.69639424025,3.84427303133
31771,-5.68343795062,1.57374133708,-6.47699145636,-6.21488710429,-4.21879883401,-4.72928477197,-4.64487521002
