identifier,maxent,secondary,maxentsecondary,hexamers,motifs,hexamersmotifs,all features
9904,-8.32722297525,-6.61963227651,-5.01997439192,-5.91630967012,-6.9740590402,-7.00729866583,-5.51824763868
13115,4.9383245767,5.94257429938,6.06148026387,1.54030789308,1.35178458021,0.613556284568,5.16019531926
11704,-6.75579088832,-11.0164614776,-9.28486784534,-4.16006335268,-7.22115533139,-7.94297432722,-8.11261503411
