identifier,maxent,secondary,maxentsecondary,hexamers,motifs,hexamersmotifs,all features
19410,-0.673382902221,-2.22296676855,-2.09680184971,-3.84055071437,-3.94458667897,-3.56291274525,-3.35124083338
17992,-1.36827575434,0.818935328507,0.892018880597,-3.27326048799,-0.292399878097,0.368450050114,0.334622454441
18794,-0.592782190887,1.86842513369,3.06733690819,0.867822151672,2.38484716979,1.68997282661,2.89889141161
