identifier,maxent,secondary,maxentsecondary,hexamers,motifs,hexamersmotifs,all features
6517,8.53537917832,1.40323463107,7.48975614739,-1.95392727595,-6.13773756261,-5.53063798065,5.57306520712
1481,-9.65780531826,6.12052293375,5.09063492239,-7.31527667166,-4.48686475892,-4.56239032547,-4.15199722848
2267,8.53537917832,-3.18061070878,-2.62372598368,-3.79383958048,-8.30908722146,-5.71177224788,4.15855318268
